Workbook

Sheet レポート
A1: 月次売上レポート
A2: 対象月 | B2: （例）2026年9月
A4: 店舗 | B4: 売上 | C4: 目標 | D4: 達成率 | E4: 前月売上 | F4: 前月比
A5: 駅前店 | B5: =SUMIFS(明細!$H:$H,明細!$B:$B,A5) -> 0 | D5: =IF(N(C5)=0,"",B5/C5) | F5: =IF(N(E5)=0,"",B5/E5)
A6: 本町店 | B6: =SUMIFS(明細!$H:$H,明細!$B:$B,A6) -> 0 | D6: =IF(N(C6)=0,"",B6/C6) | F6: =IF(N(E6)=0,"",B6/E6)
A7: モール店 | B7: =SUMIFS(明細!$H:$H,明細!$B:$B,A7) -> 0 | D7: =IF(N(C7)=0,"",B7/C7) | F7: =IF(N(E7)=0,"",B7/E7)
A8: 合計 | B8: =SUM(B5:B7) -> 0 | C8: =SUM(C5:C7) -> 0 | D8: =IF(C8=0,"",B8/C8) | E8: =SUM(E5:E7) -> 0 | F8: =IF(E8=0,"",B8/E8)
A11: カテゴリ | B11: 売上 | C11: 構成比
A12: トップス | B12: =SUMIFS(明細!$H:$H,明細!$D:$D,A12) -> 0 | C12: =IF($B$8=0,"",B12/$B$8)
A13: ボトムス | B13: =SUMIFS(明細!$H:$H,明細!$D:$D,A13) -> 0 | C13: =IF($B$8=0,"",B13/$B$8)
A14: アウター | B14: =SUMIFS(明細!$H:$H,明細!$D:$D,A14) -> 0 | C14: =IF($B$8=0,"",B14/$B$8)
A15: 小物 | B15: =SUMIFS(明細!$H:$H,明細!$D:$D,A15) -> 0 | C15: =IF($B$8=0,"",B15/$B$8)
A17: ひとことコメント
A18: （ここに今月の所見を書く）

Sheet 明細
A1: 日付 | B1: 店舗 | C1: 商品 | D1: カテゴリ | E1: 販売員 | F1: 数量 | G1: 単価 | H1: 金額

Sheet 使い方
A1: 【このひな形の使い方】（練習用）
A2: 1. 「明細」シートの2行目から、その月の売上明細（日付・店舗・商品・カテゴリ・販売員・数量・単価・金額）を入れます。
A3: 2. 「レポート」シートの売上・達成率・前月比・カテゴリ別は、式で自動計算されます。式は消さないでください。
A4: 3. 黄色のセル（対象月・目標・前月売上・コメント）だけ、手で入れます。
A5: 4. グラフは、店舗別の売上と目標の表を参照しています。
A6: 店舗名・カテゴリ名は、「明細」と「レポート」で同じ文字にそろえます（駅前店・本町店・モール店／トップス・ボトムス・アウター・小物）。
A7: データはすべて架空です。
